일련번호,상품명,중량, 판매가 ,소재,규격,구성,상품정보고시
1,2023 계묘년 토끼의 해 카드형 골드 1.87g,1.87,310000,Au 999.9,골드바 12x20mm 카드 86x54mm,"카드형 골드, 보증서, 아우터 케이스","소재:순금 Au999.9크기:(가로X세로) 골드바 12x20mm 카드 86x54mm무게:1.87g구성:카드형 골드, 보증서, 아우터 케이스보증서:품질을 보증하는 보증서 제공품질보증:한국조폐공사상품문의:1577-4321"
2,2023 계묘년 토끼의 해 카드형 골드 11.25g,11.25,1760000,Au 999.9,골드바 16x27mm 카드 86x54mm,"카드형 골드, 보증서, 아우터 케이스","소재:순금 Au999.9크기:골드바 16x27mm 카드 86x54mm무게:11.25g구성:카드형 골드, 보증서, 아우터 케이스보증서:품질을 보증하는 보증서 제공품질보증:한국조폐공사상품문의:1577-4321"
3,2023 계묘년 토끼의 해 카드형 골드 3.75g,3.75,600000,Au 999.9,(가로X세로) 골드바 12X20mm 카드 86X54mm,"카드형 골드, 보증서, 아우터 케이스","소재:순금 Au999.9크기:(가로X세로) 골드바 12X20mm 카드 86X54mm무게:3.75g구성:카드형 골드, 보증서, 아우터 케이스보증서:품질을 보증하는 보증서 제공품질보증:한국조폐공사상품문의:1577-4321"
4,2023 계묘년 토끼의 해 카드형 골드 37.5g,37.5,5900000,Au 999.9,골드바 22x38mm 카드 86x54mm,"카드형 골드, 보증서, 아우터 케이스","소재:순금 Au999.9크기:(가로X세로) 골드바 22x38mm 카드 86x54mm무게:37.5g구성:카드형 골드, 보증서, 아우터 케이스보증서:품질을 보증하는 보증서 제공품질보증:한국조폐공사상품문의:1577-4321"
5,2024 갑진년 용의 해 카드형 골드 1.87g,1.87,310000,Au 999.9,골드바 12x20mm 카드 86x54mm,"메달, 카드케이스(보증서 포함), 케이스","소재:순금 Au999.9크기:(가로X세로) 골드바 12x20mm 카드 86x54mm무게:1.87g구성:메달, 카드케이스(보증서 포함), 케이스보증서:품질을 보증하는 보증서 제공품질보증:한국조폐공사상품문의:1577-4321"
6,2024 갑진년 용의 해 카드형 골드 11.25g,11.25,1760000,Au 999.9,골드바 16x27mm 카드 86x54mm,"카드형 골드, 보증서, 케이스","소재:순금 Au999.9크기:(가로X세로) 골드바 16x27mm 카드 86x54mm무게:11.25g구성:카드형 골드, 보증서, 케이스보증서:품질을 보증하는 보증서 제공품질보증:한국조폐공사상품문의:1577-4321"
7,2024 갑진년 용의 해 카드형 골드 3.75g,0,600000,Au 999.9,골드바 12x20mm 카드 86x54mm,"메달, 카드케이스(보증서 포함), 케이스","소재:순금 Au999.9크기:(가로X세로) 골드바 12x20mm 카드 86x54mm무게:3.75g구성:메달, 카드케이스(보증서 포함), 케이스보증서:품질을 보증하는 보증서 제공품질보증:한국조폐공사상품문의:1577-4321"
8,2024 갑진년 용의 해 카드형 골드 37.5g,37.5,5900000,Au 999.9,골드바 22x38mm 카드 86x54mm,"카드형 골드, 보증서, 케이스","소재:순금 Au999.9크기:(가로X세로) 골드바 22x38mm 카드 86x54mm무게:37.5g구성:카드형 골드, 보증서, 케이스보증서:품질을 보증하는 보증서 제공품질보증:한국조폐공사상품문의:1577-4321"
9,2025 을사년 뱀의 해 카드형 골드 1.87g,1.87,320000,Au 999.9,골드바 12X20mm UNC,"카드형 골드, 보증서, 케이스","소재:순금 Au999.9크기:12X20mm무게:1.87g구성:카드형 골드, 보증서, 케이스보증서:품질을 보증하는 보증서 제공품질보증:한국조폐공사상품문의:1577-4321"
10,2025 을사년 뱀의 해 카드형 골드 11.25g,11.25,1816000,Au 999.9,골드바 16X27mm UNC,"카드형 골드, 보증서, 케이스","소재:순금 Au999.9크기:16X27mm무게:11.25g구성:카드형 골드, 보증서, 케이스보증서:품질을 보증하는 보증서 제공품질보증:한국조폐공사상품문의:1577-4321"
11,2025 을사년 뱀의 해 카드형 골드 3.75g,3.75,616000,Au 999.9,골드바 12X20mm UNC,"카드형 골드, 보증서, 케이스","소재:순금 Au999.9크기:12X20mm무게:3.75g구성:카드형 골드, 보증서, 케이스보증서:품질을 보증하는 보증서 제공품질보증:한국조폐공사상품문의:1577-4321"
12,2025 을사년 뱀의 해 카드형 골드 37.5g,37.5,5960000,Au 999.9,골드바 22X38mm UNC,"카드형 골드, 보증서, 케이스","소재:순금 Au999.9크기:22X38mm무게:37.5g구성:카드형 골드, 보증서, 케이스보증서:품질을 보증하는 보증서 제공품질보증:한국조폐공사상품문의:1577-4321"
13,가화만사성 카드형 골드(11.25g),11.25,1760000,Au 999.9,11.25g,"골드바, 케이스, 보증서 ","소재:순금 Au999.9크기:16mm × 27mm무게:11.25g구성:골드바, 케이스(카드형), 외부 케이스, 보증서보증서:품질을 보증하는 보증서 제공품질보증:한국조폐공사상품문의:1577-4321"
14,가화만사성 카드형 골드(26.25g),26.25,4100000,Au999.9,26.25g,없음,"소재:순금 Au999.9크기:22mm × 38mm무게:26.25g구성:골드바, 케이스(카드형), 외부 케이스, 보증서보증서:품질을 보증하는 보증서 제공품질보증:한국조폐공사상품문의:1577-4321"
15,가화만사성 카드형 골드(3.75g),3.75,600000,Au999.9,3.75g,없음,"소재:순금 Au999.9크기:12mm × 20mm무게:3.75g구성:골드바, 케이스(카드형), 외부 케이스, 보증서보증서:품질을 보증하는 보증서 제공품질보증:한국조폐공사상품문의:1577-4321"
16,가화만사성 카드형 골드(37.5g),37.5,5900000,Au999.9,37.5g,없음,"소재:순금 Au999.9크기:22mm × 38mm무게:37.5g구성:골드바, 케이스(카드형), 외부 케이스, 보증서보증서:품질을 보증하는 보증서 제공품질보증:한국조폐공사상품문의:1577-4321"
17,국가보호종 카드형 골드_소똥구리,1,198000,Au 999.9,골드바 8x12mm,"카드형 골드, 보증서, 아우터 케이스","소재:순금(Au999.9)크기:8x12mm무게:1g구성:카드형 골드, 보증서, 아우터 케이스품질보증:한국조폐공사상품문의:1577-4321"
18,국가보호종 카드형 골드_올빼미,1,198000,Au 999.9,골드바 8x12mm,"카드형 골드, 보증서, 아우터 케이스","소재:순금(Au999.9)크기:8x12mm무게:1g구성:카드형 골드, 보증서, 아우터 케이스품질보증:한국조폐공사상품문의:1577-4321"
19,국가보호종 카드형 골드_표범장지뱀,1,198000,Au 999.9,골드바 8x12mm,"카드형 골드, 보증서, 아우터 케이스","소재:순금(Au999.9)크기:8x12mm무게:1g구성:카드형 골드, 보증서, 아우터 케이스품질보증:한국조폐공사상품문의:1577-4321"
20,국가보호종 카드형 골드_하늘다람쥐,1,198000,Au 999.9,골드바 8x12mm,"카드형 골드, 보증서, 아우터 케이스","소재:순금(Au999.9)크기:8x12mm무게:1g구성:카드형 골드, 보증서, 아우터 케이스품질보증:한국조폐공사상품문의:1577-4321"
21,국보 반가사유상(옛 국보 78호) 카드형 골드 3.75g,3.75,630000,Au 999.9,(가로X세로) 골드바 12X20mm 카드 86X54mm,"카드형 골드, 보증서, 전용 케이스","소재:순금 Au999.9크기:(가로X세로) 골드바 12X20mm 카드 86X54mm무게:3.75g구성:카드형 골드, 보증서, 전용 케이스보증서:품질을 보증하는 보증서 제공품질보증:한국조폐공사상품문의:1577-4321"
22,국보 반가사유상(옛 국보 78호) 카드형 골드 37.5g,37.5,5900000,Au 999.9,(가로X세로) 골드바 22X38mm 카드 86X54mm,"카드형 골드, 보증서, 전용 케이스","소재:순금 Au999.9크기:(가로X세로) 골드바 22X38mm 카드 86X54mm무게:37.5g구성:카드형 골드, 보증서, 전용 케이스보증서:품질을 보증하는 보증서 제공품질보증:한국조폐공사상품문의:1577-4321"
23,국보 반가사유상(옛 국보 83호) 카드형 골드 3.75g,3.75,630000,Au 999.9,(가로X세로) 골드바 12X20mm 카드 86X54mm,"카드형 골드, 보증서, 전용 케이스","소재:순금 Au999.9크기:(가로X세로) 골드바 12X20mm 카드 86X54mm무게:3.75g구성:카드형 골드, 보증서, 전용 케이스보증서:품질을 보증하는 보증서 제공품질보증:한국조폐공사상품문의:1577-4321"
24,국보 반가사유상(옛 국보 83호) 카드형 골드 37.5g,37.5,5900000,Au 999.9,(가로X세로) 골드바 22X38mm 카드 86X54mm,"카드형 골드, 보증서, 전용 케이스","소재:순금 Au999.9크기:(가로X세로) 골드바 22X38mm 카드 86X54mm무게:37.5g구성:카드형 골드, 보증서, 전용 케이스보증서:품질을 보증하는 보증서 제공품질보증:한국조폐공사상품문의:1577-4321"
25,도깨비 카드형 골드(10g),10,1570000,Au 999.9,골드바 16X27mm 카드 54X86mm,"메달, 케이스, 보증서","소재 :순금  Au999.9크기:10g(16mm × 27mm)무게:10g구성:메달, 케이스보증서:제품 뒷면 보증서 품질보증:한국조폐공사상품문의:1577-4321"
26,도깨비 카드형 골드(1g),1,178000,Au 999.9,골드바 8X12mm 카드 54X86mm,"도깨비 골드바,  교통카드","소재 :순금  Au999.9크기:1g(8mm × 12mm)무게:1g구성:도깨비 골드바,  교통카드보증서:제품 뒷면 보증서 품질보증:한국조폐공사상품문의:1577-4321"
27,도깨비 카드형골드 2g(1gX2개입),2,339000,Au9999,1g*2장,"메달, 케이스, 보증서","소재:순금 Au999.9크기:8*12mm무게:1g*2개입구성:카드식메달, 보증서, 비닐케이스, 내부 포장케이스보증서:품질을 보증하는 보증서 제공품질보증:한국조폐공사상품문의:1577-4321"
28,도깨비 카드형골드 4g(1gX4개입),4,660000,Au9999,1g*4개입,"메달, 케이스, 보증서","소재:순금 Au999.9크기:8*12mm무게:1g*4개입구성:카드식메달, 보증서, 비닐케이스, 내부 포장케이스보증서:품질을 보증하는 보증서 제공품질보증:한국조폐공상품문의:1577-4321"
29,로열시리즈 2차 해학반도도 카드형 골드 3.75g,3.75,630000,Au9999,"골드바 12x20mm, 카드 84x56mm","카드형 골드, 케이스, 슬립","소재:순금 Au999.9크기:골드바 12x20mm, 카드 84x56mm무게:3.75g(이상)구성:카드형 골드, 케이스, 슬립보증서:품질을 보증하는 보증서 제공, 정품을 인증하는 오키 라벨 부착품질보증:한국조폐공사상품문의:1577-4321"
30,로열시리즈 2차 해학반도도 카드형 골드 37.5g ,37.5,5900000,Au9999,"골드바 22x38mm, 카드 84x56mm","카드형 골드, 케이스","소재:순금 Au999.9크기:골드바 22x38mm / 카드 84x56mm무게:37.5g구성:카드형 골드, 포장 케이스, 슬립보증서:품질을 보증하는 보증서 제공, 정품을 인증하는 오키 라벨 부착품질보증:한국조폐공사상품문의:1577-4321"
31,일월오봉도 카드형 골드 3.75g,3.75,630000,Au 999.9,(가로X세로) 골드바 12X20mm 카드 86X54mm,"카드형 골드, 보증서, 전용 아우터 케이스","소재:순금 Au999.9크기:(가로X세로) 골드바 12X20mm 카드 86X54mm무게:3.75g구성:카드형 골드, 보증서, 전용 아우터 케이스보증서:품질을 보증하는 보증서 제공품질보증:한국조폐공사상품문의:1577-4321"
32,일월오봉도 카드형 골드 37.5g,37.5,5900000,Au 999.9,골드바 22x38mm 카드 86x54mm,"카드형 골드, 보증서, 아우터 케이스","소재:순금 Au999.9크기:(가로X세로) 골드바 22x38mm 카드 86x54mm무게:37.5g구성:카드형 골드, 보증서, 아우터 케이스보증서:품질을 보증하는 보증서 제공품질보증:한국조폐공사상품문의:1577-4321"
33,지갑 속 아트갤러리 - 코크니 지브라,3.75,630000,Au 999.9,17mm,"메달, 케이스, 보증서","소재:순금 Au999.9크기:17mm무게:3.75g구성:메달, 케이스, 보증서보증서:품질을 보증하는 보증서 제공품질보증:한국조폐공사상품문의:1577-4321"
34,지갑 속 아트갤러리_램 브란트,3.75,630000,Au999.9,17mm,"메달, 카드형케이스, 보증서(카드후면)","소재:순금 Au999.9크기:17mm무게:3.75g(이상)구성:메달, 카드형케이스, 보증서(카드 후면)보증서:품질을 보증하는 보증서 제공품질보증:한국조폐공사상품문의:1577-4321"
35,지갑 속 아트갤러리_럭키 래빗,3.75,630000,Au 999.9,17mm,"메달, 카드형 케이스, 보증서(카드 후면)","소재:순금 Au999.9크기:17mm 무게:3.75g구성:메달, 카드형 케이스, 보증서(카드 후면)보증서:품질을 보증하는 보증서 제공품질보증:한국조폐공사상품문의:1577-4321"
36,지갑 속 아트갤러리_빅토리 마우스,3.75,630000,Au999.9,17mm,"메달, 카드형케이스, 보증서(카드후면)","소재:순금 Au999.9크기:17mm무게:3.75g(이상)구성:메달, 카드형케이스, 보증서(카드후면)보증서:품질을 보증하는 보증서 제공품질보증:한국조폐공사상품문의:1577-4321"
37,지갑 속 아트갤러리_스네이 킹,3.75,630000,Au 999.9,17mm,"메달, 카드형 케이스, 보증서(카드 후면)","소재:순금 Au999.9크기:17mm무게:3.75g구성:메달, 카드형 케이스, 보증서(카드 후면)보증서:품질을 보증하는 보증서 제공품질보증:한국조폐공사상품문의:1577-4321"
38,지갑 속 아트갤러리_카카오 카우,3.75,630000,Au999.9,17mm,"메달, 카드형케이스, 보증서(카드후면)","소재:순금 Au999.9크기:17mm무게:3.75g구성:메달, 카드형케이스, 보증서(카드후면) 보증서:보안용지 기술을 적용한 보증서 제공품질보증:한국조폐공사상품문의:1577-4321"
39,지갑 속 아트갤러리_킹 불도그,3.75,630000,Au 999.9,17mm,"메달, 카드형 케이스, 보증서(카드 후면)","소재:순금 Au999.9크기:17mm무게:3.75g구성:메달, 카드형 케이스, 보증서(카드 후면)보증서:품질을 보증하는 보증서 제공품질보증:한국조폐공사상품문의:1577-4321"
40,지갑 속 아트갤러리_허클베리 멍키,3.75,630000,Au 999.9,17mm,"메달, 카드형 케이스, 보증서(카드 후면)","소재:순금 Au999.9크기:17mm무게:3.75g구성:메달, 카드형 케이스, 보증서(카드 후면)보증서:품질을 보증하는 보증서 제공품질보증:한국조폐공사상품문의:1577-4321"
41,지갑 속 아트갤러리-꼬끄지앵,3.75,630000,Au 999.9,17mm,"메달, 케이스, 보증서","소재:순금 Au999.9크기:17mm무게:3.75g구성:메달, 케이스, 보증서보증서:품질을 보증하는 보증서 제공품질보증:한국조폐공사상품문의:1577-4321"
42,지갑 속 아트갤러리-팬시 타이거,3.75,630000,Au 999.9,17mm,"메달, 케이스, 보증서","소재:순금 Au999.9크기:17mm 무게:3.75g구성:메달, 케이스, 보증서보증서:품질을 보증하는 보증서 제공품질보증:한국조폐공사상품문의:1577-4321"
43,지갑 속 아트갤러리-피기드림,3.75,630000,Au999.9,17mm,"메달, 케이스, 보증서","소재:순금 Au999.9크기:17mm무게:3.75g구성:메달, 케이스, 보증서보증서:품질을 보증하는 보증서 제공품질보증:한국조폐공사상품문의:1577-4321"
44,지갑 속 아트갤러리-휘용찬란,3.75,630000,Au 999.9,17mm,"메달, 카드형 케이스, 보증서(카드 후면)","소재:순금 Au999.9크기:17mm무게:3.75g구성:메달, 카드형 케이스, 보증서(카드 후면)보증서:품질을 보증하는 보증서 제공품질보증:한국조폐공사상품문의:1577-4321"
45,천마총 금관 카드형 골드 11.25g,11.25,1780000,Au 999.9,골드바 16x27mm 카드 86x54mm,"카드형 골드, 보증서, 전용 아우터 케이스","소재:순금 Au999.9크기:골드바 16x27mm 카드 86x54mm무게:11.25g구성:카드형 골드, 보증서, 전용 아우터 케이스보증서:품질을 보증하는 보증서 제공품질보증:한국조폐공사상품문의:1577-4321"
46,천마총 금관 카드형 골드 3.75g,3.75,630000,Au 999.9,(가로X세로) 골드바 12X20mm 카드 86X54mm,"카드형 골드, 보증서, 전용 아우터 케이스","소재:순금 Au999.9크기:(가로X세로) 골드바 12X20mm 카드 86X54mm무게:3.75g구성:카드형 골드, 보증서, 전용 아우터 케이스보증서:품질을 보증하는 보증서 제공품질보증:한국조폐공사상품문의:1577-4321"
47,천마총 금관 카드형 골드 37.5g,37.5,5900000,Au 999.9,골드바 22x38mm 카드 86x54mm,"카드형 골드, 보증서, 아우터 케이스","소재:순금 Au999.9크기:(가로X세로) 골드바 22x38mm 카드 86x54mm무게:37.5g구성:카드형 골드, 보증서, 아우터 케이스보증서:품질을 보증하는 보증서 제공품질보증:한국조폐공사상품문의:1577-4321"
48,천상열차분야지도 카드형 골드 15.55g(1/2oz),15.55,2460000,Au 999,골드바 Φ30mm / 카드 54x86mm,"메달, 카드케이스(보증서 포함), 케이스","소재:순금 Au999크기:(가로X세로) 골드바 Φ30mm, 카드 54x86mm무게:15.55g(1/2oz)구성:메달, 카드케이스(보증서 포함), 전용 고급 케이스보증서:품질을 보증하는 보증서 제공품질보증:한국조폐공사상품문의:1577-4321"
49,천상열차분야지도 카드형 골드 3.75g,3.75,630000,Au 999,골드바 Φ17mm / 카드 86x54mm,"메달, 카드케이스(보증서 포함), 케이스","소재:순금 Au999크기:(가로X세로) 골드바 Φ17mm, 카드 86x54mm무게:3.75g구성:메달, 카드케이스(보증서 포함), 전용 고급 케이스보증서:품질을 보증하는 보증서 제공품질보증:한국조폐공사상품문의:1577-4321"
50,활옷 카드형 골드 15.55g(1/2oz),15.55,2460000,Au 999.9,골드바 Φ30mm / 카드 54x86mm,"메달, 카드케이스(보증서 포함), 케이스","소재:순금 Au999.9크기:(가로X세로) 골드바 Φ30mm, 카드 54x86mm무게:15.55g(1/2oz)구성:메달, 카드케이스(보증서 포함), 전용 고급 케이스보증서:품질을 보증하는 보증서 제공품질보증:한국조폐공사상품문의:1577-4321"
51,활옷 카드형 골드 3.75g,3.75,630000,Au 999.9,골드바 Φ17mm / 카드 86x54mm,"메달, 카드케이스(보증서 포함), 케이스","소재:순금 Au999.9크기:(가로X세로) 골드바 Φ17mm, 카드 86x54mm무게:3.75g구성:메달, 카드케이스(보증서 포함), 전용 고급 케이스보증서:품질을 보증하는 보증서 제공품질보증:한국조폐공사상품문의:1577-4321"
52,(SWEET MOMENT)블루밍 플라워,4.65,693000,금 Au999 / 금 Au 585 ,메달 17mm ,"메달, 케이스, 보증서","소재:금 Au999 / 금 Au 585 크기:메달 17mm 무게:메달 3.75g / 주물품 0.9g 이상 구성:목걸이 메달(줄 제외), 케이스, 보증서보증서:품질을 보증하는 보증서 제공품질보증:한국조폐공사상품문의:1577-4321"
53,(SWEET MOMENT)스위트 하트,4.65,693000,금 Au999 / 금 Au 585 ,메달 17mm ,"메달, 케이스, 보증서","소재:금 Au999 / 금 Au 585 크기:메달 17mm 무게:메달 3.75g / 주물품 0.9g 이상 구성:목걸이 메달(줄 제외), 케이스, 보증서보증서:품질을 보증하는 보증서 제공품질보증:한국조폐공사상품문의:1577-4321"
54,(SWEET MOMENT)라이징 스타,4.65,693000,금 Au999 / 금 Au 585 ,메달 17mm ,"메달, 케이스, 보증서","소재:금 Au999 / 금 Au 585 크기:메달 17mm 무게:메달 3.75g / 주물품 0.9g 이상 구성:목걸이 메달(줄 제외), 케이스, 보증서보증서:품질을 보증하는 보증서 제공품질보증:한국조폐공사상품문의:1577-4321"
55,2024 갑진년 입체형 황금 용Ⅱ메달 ,22.67,3300000,Au 999,"금메달 직경 30mm, 황금 용 11 x 18mm 정도, 담수진주 3mm 이상","메달, 케이스 보증서","소재:순금 Au999 크기:금메달 직경 30mm, 황금 용 11 x 18mm 정도, 담수진주 3mm 이상무게:22.67g(이상)구성: 메달, 보증서,  케이스 보증서:품질을 보증하는 보증서 제공품질보증:한국조폐공사상품문의:1577-4321"
56,네잎클로버 펜던트 메달,4.89,770000,금 Au999 / 금 Au 585 / 랩 그로운 다이아몬드,메달 17mm / 주물품 8.5x11mm / 랩 그로운 다이아몬드 1.5mm,"메달, 케이스, 보증서","소재:금 Au999 / 금 Au 585 / 랩 그로운 다이아몬드크기:메달 17mm /  주물품 8.5 x 11mm / 랩 그로운 다이아몬드 1.5mm무게:메달 3.75g / 주물품 1.14g 이상 / 랩 그로운 다이아몬드 0.014ct구성:목걸이 메달(줄 제외), 케이스, 보증서보증서:품질을 보증하는 보증서 제공품질보증:한국조폐공사상품문의:1577-4321"
57,화접도 기념메달,17.65,2585000,Au 999,금메달 직경 30mm + 나비 주물품15x19mm,"메달, 케이스 보증서","소재:순금 Au999 크기:금메달 직경 30mm + 나비 주물품15x19mm무게:17.65g(이상)구성: 메달, 보증서,  케이스 보증서:품질을 보증하는 보증서 제공품질보증:한국조폐공사상품문의:1577-4321"
58,경주 천마총 발굴 50주년 지폐형 금메달,0,2640000,Au 999,20g /154x68mm / UNC,"메달, 케이스, 보증서","소재:금(Au999)크기:154x68mm무게:20g구성:메달,케이스,보증서품질보증:한국조폐공사상품문의:1577-4321"
59,경주 천마총 발굴 50주년 지폐형 은메달,0,110000,Ag 999,10g /154x68mm / UNC,"메달, 케이스, 보증서","소재:은(Ag999)크기:154x68mm무게:10g구성:메달,케이스,보증서품질보증:한국조폐공사상품문의:1577-4321"
60,디윰아트 2023 계묘년 토끼의 해 고심도 메달,0,499000,"단동(Cu90, Zn10)",390g 정도 / 80mm,"메달, 케이스, 보증서","소재:단동(Cu90, Zn10)크기:80mm무게:390g 정도구성:메달, 케이스, 보증서품질보증:한국조폐공사상품문의:1577-4321"
61,로열시리즈 4차-일월오봉도 기념 은메달,10,110000,Ag 999,154X68mm,"메달, 케이스, 보증서","소재:Ag 999크기:154X68mm무게:10g구성:메달, 케이스, 보증서품질보증:한국조폐공사상품문의:1577-4321"
62,로열시리즈 4차-일월오봉도 기념 금메달,0,2640000,Au 999,154X68mm,"메달, 케이스, 보증서","소재:Au 999크기:154X68mm무게:20g구성:메달, 케이스, 보증서품질보증:한국조폐공사상품문의:1577-4321"
63,한반도 공룡 시리즈 1차 코리아노사우루스 보성엔시스 기념 은메달,408,1188000,Ag999,"외부메달 : 70mm, 내부메달 : 30×40mm","메달, 케이스, 보증서","소재:순은 Ag999크기:외부메달 : 70mm, 내부메달 : 30×40mm무게:외부메달 : 370g, 내부메달 : 38g구성:메달, 케이스, 보증서보증서:Smartjugle 위변조 방지기술로 만든 카드형 보증서품질보증:한국조폐공사상품문의:1577-4321"
64,별자리 펜던트 메달_사자자리(양력생일 07.23~08.22),4.65,748000,Au 999 3.75g / Au 585 0.9g,19mm,"메달, 케이스, 보증서","소재:메달 Au 999 3.75g / 베젤 Au 585 0.9g크기:베젤크기 19mm 메달크기 17mm무게:메달 Au 999 3.75g / 베젤 Au 585 0.9g 구성:메달, 보증서, 케이스 보증서:품질을 보증하는 보증서 제공품질보증:한국조폐공사상품문의:1577-4321"
65,별자리 펜던트 메달_양자리(양력생일 03.21~04.19),4.65,748000,,,없음,"소재:메달 Au 999 3.75g / 베젤 Au 585 0.9g크기:베젤크기 19mm 메달크기 17mm무게:메달 Au 999 3.75g / 베젤 Au 585 0.9g 구성:메달, 보증서, 케이스보증서:품질을 보증하는 보증서 제공품질보증:한국조폐공사상품문의:1577-4321"
66,디윰아트 2022 임인년 호랑이 해 고심도 메달,0,187000,"동(Cu90, Zn10)",390g정도 / 80mm,"메달, 케이스, 보증서","소재:단동(Cu 90, Zn 10)크기:80mm무게:390g 정도구성:기념메달, 케이스, 보증서품질보증:한국조폐공사상품문의:1577-4321"
67,인류문명과 농장동물 시리즈 1차_생동하는 닭_은메달,80,275000,순은(Ag999)_앤틱피니쉬,31x41mm,"메달, 보증서, 케이스","소재:순은(Ag999)크기:31x41mm무게:80g구성:메달, 보증서, 케이스보증서:품질을 보증하는 보증서 제공품질보증:한국조폐공사상품문의:1577-4321"
68,인류문명과 농장동물 시리즈 1차_생동하는 닭_금도금 은메달,80,275000,은 (Ag999),31x41mm,"메달, 보증서, 케이스","소재:은 (Ag999)크기:31x41mm무게:80g구성:메달, 보증서, 케이스보증서:품질을 보증하는 보증서 제공품질보증:한국조폐공사상품문의:1577-4321"
69,별자리 펜던트 메달_물고기자리(양력생일 02.19~03.20),4.65,748000,Au 999 3.75g / Au 585 0.9g,,"메달, 케이스, 보증서","소재:메달 Au 999 3.75g / 베젤 Au 585 0.9g크기:베젤크기 19mm 메달크기 17mm무게:메달 3.75g / 베젤  0.9g구성:메달, 보증서, 케이스보증서:품질을 보증하는 보증서 제공품질보증:한국조폐공사상품문의:1577-4321"
70,별자리 펜던트 메달_황소자리(양력생일 04.20~05.20),4.65,748000,,,없음,"소재:메달 Au 999 3.75g / 베젤 Au 585 0.9g크기:베젤크기 19mm 메달크기 17mm무게:메달 Au 999 3.75g / 베젤 Au 585 0.9g 구성:메달, 보증서, 케이스보증서:품질을 보증하는 보증서 제공품질보증:한국조폐공사상품문의:1577-4321"
71,한반도 공룡 시리즈 2차 해남이크누스_동메달,26,49500,백동 Cu75+Ni25,40mm,"메달, 케이스, 보증서","소재:백동 Cu75+Ni25크기:40mm무게:26g구성:메달, 케이스, 보증서보증서:품질을 보증하는 보증서 제공품질보증:한국조폐공사상품문의:1577-4321"
72,한반도 공룡 시리즈 1차 코리아노사우루스 보성엔시스 기념 동메달,26,49500,"Cu75, Ni25",40mm,"메달, 케이스, 보증서","소재:백동 Cu75, Ni25크기:40mm무게:26g구성:메달, 케이스, 보증서보증서:Smart jungle 위변조 방지기술로 만든 카드형 보증서 적용품질보증:한국조폐공사, 교환 및 A/S는 수령후 1주일 이내에 콜센터(1577-4321)로 요청하여 주시기 바랍니다.상품문의:1577-4321"
73,천사의 재능 십이지 메달 12종(호랑이) ,4.65,748000,메달 Au 999/ 베젤 Au585,메달17mm/ 베젤 19mm,"메달, 베젤, 케이스, 보증서 ","소재:메달 Au 999/ 베젤 Au585크기:메달17mm/ 베젤 19mm 무게:4.65g(이상)구성:메달(줄제외), 베젤, 케이스, 보증서보증서:품질을 보증하는 보증서 제공품질보증:한국조폐공사상품문의:1577-4321"
74,별자리 펜던트 메달_염소자리(양력생일 12.25~01.19),4.65,748000,,,없음,"소재:메달 Au 999 3.75g / 베젤 Au 585 0.9g크기:베젤크기 19mm 메달크기 17mm무게:메달 Au 999 3.75g / 베젤 Au 585 0.9g 구성:메달, 보증서, 케이스보증서:품질을 보증하는 보증서 제공품질보증:한국조폐공사상품문의:1577-4321"
75,별자리 펜던트 메달_물병자리(양력생일 01.20~02.18),4.65,748000,Au 999 3.75g / Au 585 0.9g,19mm,"메달, 케이스, 보증서","소재:메달 Au 999 3.75g / 베젤 Au 585 0.9g크기:베젤크기 19mm 메달크기 17mm무게:메달 Au 999 3.75g / 베젤 Au 585 0.9g구성:메달, 보증서, 케이스보증서:품질을 보증하는 보증서 제공품질보증:한국조폐공사상품문의:1577-4321"
76,별자리 펜던트 메달_쌍둥이 자리(양력생일 05.21~06.21),4.65,748000,Au 999 3.75g / Au 585 0.9g,19mm,"메달, 케이스, 보증서","소재:메달 Au 999 3.75g / 베젤 Au 585 0.9g 크기:베젤크기 19mm 메달크기 17mm 무게:메달 Au 999 3.75g / 베젤 Au 585 0.9g 구성:메달, 보증서, 케이스 보증서:품질을 보증하는 보증서 제공품질보증:한국조폐공사상품문의:1577-4321"
77,별자리 펜던트 메달_게자리(양력생일 06.22~07.22),4.65,748000,메달 Au 999 3.75g / 베젤 Au 585 0.9g,19mm,"메달, 케이스, 보증서","소재:메달 Au 999 3.75g / 베젤 Au 585 0.9g크기:베젤크기 19mm 메달크기 17mm 무게:메달 Au 999 3.75g / 베젤 Au 585 0.9g구성:메달, 보증서, 케이스보증서:품질을 보증하는 보증서 제공품질보증:한국조폐공사상품문의:1577-4321"
78,별자리 펜던트 메달_처녀자리(양력생일 08.23~09.23),4.65,748000,,,없음,"소재:메달 Au 999 3.75g / 베젤 Au 585 0.9g크기:베젤크기 19mm 메달크기 17mm무게:메달 Au 999 3.75g / 베젤 Au 585 0.9g 구성:메달, 보증서, 케이스보증서:품질을 보증하는 보증서 제공품질보증:한국조폐공사상품문의:1577-4321"
79,별자리 펜던트 메달_천칭자리(양력생일 09.24~10.22),4.65,748000,,,없음,"소재:메달 Au 999 3.75g / 베젤 Au 585 0.9g크기:베젤크기 19mm 메달크기 17mm무게:메달 Au 999 3.75g / 베젤 Au 585 0.9g 구성:메달, 보증서, 케이스보증서:품질을 보증하는 보증서 제공품질보증:한국조폐공사상품문의:1577-4321"
80,별자리 펜던트 메달_전갈자리(양력생일 10.23~11.22),4.65,748000,Au 999,,없음,"소재:메달 Au 999 3.75g / 베젤 Au 585 0.9g크기:베젤크기 19mm 메달크기 17mm무게:메달 Au 999 3.75g / 베젤 Au 585 0.9g 구성:메달, 보증서, 케이스보증서:품질을 보증하는 보증서 제공품질보증:한국조폐공사상품문의:1577-4321"
81,별자리 펜던트 메달_사수자리(양력생일 11.23~12.24),4.65,748000,Au 999 3.75g / Au 585 0.9g,19mm,"메달, 케이스, 보증서","소재:메달 Au 999 3.75g / 베젤 Au 585 0.9g크기:베젤크기 19mm 메달크기 17mm무게:메달 Au 999 3.75g / 베젤 Au 585 0.9g 구성:메달, 보증서, 케이스보증서:품질을 보증하는 보증서 제공품질보증:한국조폐공사상품문의:1577-4321"
82,천사의 재능 십이지 메달 12종(쥐),4.65,748000,메달 Au999 / 베젤 Au 585,메달 17mm / 베젤 19mm,"메달(줄 제외), 베젤, 케이스, 보증서","소재:순금 Au999크기:15mm 정도무게:3.75g구성:목걸이 메달(줄 제외), 케이스, 보증서보증서:품질을 보증하는 보증서 제공품질보증:한국조폐공사상품문의:1577-4321"
83,천사의 재능 십이지 메달 12종(소) ,4.65,748000,메달 Au 999/ 베젤 Au585,메달17mm/ 베젤 19mm,"메달, 베젤, 케이스, 보증서 ","소재:메달 Au 999/ 베젤 Au585크기:메달17mm/ 베젤 19mm무게:4.65g(이상)구성:메달(줄제외), 베젤, 케이스, 보증서보증서:품질을 보증하는 보증서 제공품질보증:한국조폐공사상품문의:1577-4321"
84,천사의 재능 십이지 메달 12종(토끼) ,4.65,748000,메달 Au 999/ 베젤 Au585,메달17mm/ 베젤 19mm,"메달, 베젤, 케이스, 보증서 ","소재:메달 Au 999/ 베젤 Au585크기:메달17mm/ 베젤 19mm 무게:4.65g(이상)구성:메달(줄제외), 베젤, 케이스, 보증서보증서:품질을 보증하는 보증서 제공품질보증:한국조폐공사상품문의:1577-4321"
85,천사의 재능 십이지 메달 12종(용) ,4.65,748000,메달 Au 999/ 베젤 Au585,메달17mm/ 베젤 19mm,"메달, 베젤, 케이스, 보증서 ","소재:메달 Au 999/ 베젤 Au585크기:메달17mm/ 베젤 19mm 무게:4.65g(이상)구성:메달(줄제외), 베젤, 케이스, 보증서보증서:품질을 보증하는 보증서 제공품질보증:한국조폐공사상품문의:1577-4321"
86,천사의 재능 십이지 메달 12종(뱀) ,4.65,748000,메달 Au 999/ 베젤 Au585,메달17mm/ 베젤 19mm,"메달, 베젤, 케이스, 보증서 ","소재:메달 Au 999/ 베젤 Au585크기:메달17mm/ 베젤 19mm 무게:4.65g(이상)구성:메달(줄제외), 베젤, 케이스, 보증서보증서:품질을 보증하는 보증서 제공품질보증:한국조폐공사상품문의:1577-4321"
87,천사의 재능 십이지 메달 12종(말),4.65,748000,메달 Au 999/ 베젤 Au585,메달17mm/ 베젤 19mm,"메달, 베젤, 케이스, 보증서 ","소재:메달 Au 999/ 베젤 Au585 크기:메달17mm/ 베젤 19mm무게:4.65g구성:메달(줄제외), 베젤, 케이스, 보증서보증서:품질을 보증하는 보증서 제공품질보증:한국조폐공사상품문의:1577-4321"
88,천사의 재능 십이지 메달 12종(양) ,4.65,748000,메달 Au 999/ 베젤 Au585,메달17mm/ 베젤 19mm,"메달, 베젤, 케이스, 보증서 ","소재:메달 Au 999/ 베젤 Au585크기:메달17mm/ 베젤 19mm무게:4.65g구성:메달(줄제외), 베젤, 케이스, 보증서보증서:품질을 보증하는 보증서 제공품질보증:한국조폐공사상품문의:1577-4321"
89,천사의 재능 십이지 메달 12종(원숭이)  ,4.65,748000,메달 Au 999/ 베젤 Au585,메달17mm/ 베젤 19mm,"메달, 베젤, 케이스, 보증서 ","소재:메달 Au 999/ 베젤 Au585 크기:메달17mm/ 베젤 19mm 무게:4.65g 구성:메달(줄제외), 베젤, 케이스, 보증서보증서:품질을 보증하는 보증서 제공품질보증:한국조폐공사상품문의:1577-4321"
90,천사의 재능 십이지 메달 12종(닭),4.65,748000,메달 Au 999/ 베젤 Au585,메달17mm/ 베젤 19mm,"메달, 베젤, 케이스, 보증서 ","소재:메달 Au 999/ 베젤 Au585 크기:메달17mm/ 베젤 19mm 무게:4.65g 구성:메달(줄제외), 베젤, 케이스, 보증서보증서:품질을 보증하는 보증서 제공품질보증:한국조폐공사상품문의:1577-4321"
91,천사의 재능 십이지 메달 12종(개),4.65,748000,메달 Au 999/ 베젤 Au585,메달17mm/ 베젤 19mm,"메달, 베젤, 케이스, 보증서 ","소재:메달 Au 999/ 베젤 Au585 크기:메달17mm/ 베젤 19mm 무게:4.65g 구성:메달(줄제외), 베젤, 케이스, 보증서보증서:품질을 보증하는 보증서 제공품질보증:한국조폐공사상품문의:1577-4321"
92,천사의 재능 십이지 메달 12종(돼지) ,4.65,748000,메달(3.75g) : Au 999.9/  베젤(0.9g) : Au 585,,"메달, 외부케이스, 보증서, 스마일뱃지","소재:순금 Au999.9크기:메달 17mm 베젤 19mm무게:Au 999.9 3.65g /  Au585 0.9g구성:메달(줄 제외), 보증서, 스마일뱃지, 외부 케이스보증서:품질을 보증하는 보증서 제공품질보증:한국조폐공사상품문의:02-710-5226"
93,한국의 대표 화가 3차 - 김환기 기념메달 금메달(매화와 항아리),31.1,5400000,Au 999,31.1g / Φ40mm / 프루프,"메달, 그림, 케이스, 보증서","소재:금(Au999)크기:40mm무게:31.1g구성:메달, 그림, 케이스, 보증서사이즈:액자사이즈: 260x260mm;그림사이즈: 96.4x195mm;(측정에 따라, 오차가 발생할 수 있습니다.)품질보증:한국조폐공사상품문의:1577-4321"
94,한국의 대표 화가 3차 - 김환기 기념메달 은메달(매화와 항아리),31.1,285000,Ag 999,31.1g / Φ40mm / 프루프,"메달, 그림, 케이스, 보증서","소재:은(Ag999)크기:40mm무게:31.1g구성:메달, 그림, 케이스, 보증서사이즈:액자사이즈: 260x260mm;그림사이즈: 96.4x195mm;(측정에 따라, 오차가 발생할 수 있습니다.)품질보증:한국조폐공사상품문의:1577-4321"
95,한국의 대표 화가 3차 - 김환기 기념메달 금메달(영원의 노래),31.1,5400000,Au 999,31.1g / Φ40mm / 프루프,"메달, 그림, 케이스, 보증서","소재:금(Au999)크기:40mm무게:31.1g구성:메달, 그림, 케이스, 보증서사이즈:액자사이즈: 260x260mm;그림사이즈: 161x111mm;(측정에 따라, 오차가 발생할 수 있습니다.)품질보증:한국조폐공사상품문의:1577-4321"
96,한국의 대표 화가 3차 - 김환기 기념메달 은메달(영원의 노래),31.1,285000,Ag 999,31.1g / Φ40mm / 프루프,"메달, 그림, 케이스, 보증서","소재:은(Ag999)크기:40mm무게:31.1g구성:메달, 그림, 케이스, 보증서사이즈:액자사이즈: 260x260mm;그림사이즈: 161x111mm;(측정에 따라, 오차가 발생할 수 있습니다.)품질보증:한국조폐공사상품문의:1577-4321"
97,[2차 예약판매]검은사막 10주년 기념메달 은,31.1,280000,Ag 999,31.1g / Φ40mm / 프루프,"메달, 케이스, 보증서","소재:은(Ag 999)크기:40mm무게:31.1g구성:메달, 케이스, 보증서품질보증:한국조폐공사상품문의:1577-4321"
98,[2차 예약판매]검은사막 10주년 기념메달 금,15.55,2860000,Au 999,15.55g / Φ32mm / 프루프,"메달, 케이스, 보증서","소재:금(Au999)크기:32mm무게:15.55g구성:메달, 케이스, 보증서품질보증:한국조폐공사상품문의:1577-4321"
99,[예약판매]검은사막 10주년 기념메달 은,31.1,280000,Ag 999,31.1g / Φ40mm / 프루프,"메달, 케이스, 보증서","소재:은(Ag 999)크기:40mm무게:31.1g구성:메달, 케이스, 보증서품질보증:한국조폐공사상품문의:1577-4321"
100,[예약판매]검은사막 10주년 기념메달 금,15.55,2860000,Au 999,15.55g / Φ32mm / 프루프,"메달, 케이스, 보증서","소재:금(Au999)크기:32mm무게:15.55g구성:메달, 케이스, 보증서품질보증:한국조폐공사상품문의:1577-4321"
101,한국의 대표 화가 2차 - 박수근 기념메달 2-4차 은메달(고목과 여인),40,279000,Ag 999,40g / Φ40mm ,"메달, 그림, 케이스, 보증서","소재:은 (Ag999)크기:40mm무게:40g구성:메달, 그림, 케이스, 보증서사이즈:액자사이즈: 260x260mm;그림사이즈: 115x138.5mm품질보증:한국조폐공사상품문의:1577-4321"
102,한국의 대표 화가 2차 - 박수근 기념메달 2-4차 금메달(고목과 여인),31.1,4890000,Au 999,31.1g / Φ40mm / 프루프,"메달, 그림, 케이스, 보증서","소재:금(Au999)크기:40mm무게:31.1g구성:메달, 그림, 케이스, 보증서사이즈:액자사이즈: 260x260mm;그림사이즈: 115x138.5mm품질보증:한국조폐공사상품문의:1577-4321"
103,통도사 금강계단 기념메달 은,40,198000,Ag 999,31.1g / Φ40mm ,"메달, 케이스, 보증서","소재:은 (Ag999)크기:40mm무게:31.1g구성:메달, 케이스, 보증서품질보증:한국조폐공사상품문의:1577-4321"
104,통도사 금강계단 기념메달 금,31.1,4499000,Au 999,31.1g / Φ40mm / 프루프,"메달, 케이스, 보증서","소재:금(Au999)크기:40mm무게:31.1g구성:메달, 케이스, 보증서품질보증:한국조폐공사상품문의:1577-4321"
105,[예약판매]T1 우승 기념 은메달,15.55,140000,Ag 999,15.55g / Φ32mm / 프루프,"메달, 포토카드, 케이스, 보증서","소재:은(Ag 999)크기:32mm무게:15.55g구성:메달, 포토카드, 케이스, 보증서품질보증:한국조폐공사상품문의:1577-4321"
106,[예약판매]T1 우승 기념 카드형 골드,7.77,1440000,Au 999,7.77g / Φ22mm / 프루프,"메달, 포토카드, 케이스, 보증서","소재:금(Au999)크기:22mm무게:7.77g구성:메달, 포토카드, 케이스, 보증서품질보증:한국조폐공사상품문의:1577-4321"
107,복온공주 활옷 기념 은메달 31.1g(1oz),31.1,242000,Ag 999,40 x 40mm,"메달, 케이스, 보증서","소재:순은 Ag999크기:40 x 40mm무게:31.1(1oz)구성:메달, 케이스, 보증서보증서:품질을 보증하는 보증서 제공품질보증:한국조폐공사상품문의:1577-4321"
108,복온공주 활옷 기념 금메달 31.1g(1oz),31.1,4500000,Au 999,금메달 28.9 x 28.9mm,"메달, 케이스, 보증서","소재:순금 Au999크기:28.9 x 28.9mm무게:31.1(1oz)구성:메달, 케이스, 보증서보증서:품질을 보증하는 보증서 제공품질보증:한국조폐공사상품문의:1577-4321"
109,LOL 2023 월드 챔피언십 기념메달 (금),31.1,4180000,Au 999,"31.1g, 직경 40mm, PROOF","메달, 케이스, 보증서","소재:순금(Au999)크기:직경 40mm무게:31.1g상태:PROOF구성:메달,케이스,보증서품질보증:한국조폐공사상품문의:1577-4321"
110,LOL 2023 월드 챔피언십 기념메달 (은),31.1,253000,Ag 999,"31.1g, 직경 40mm, Proof, 블랙로듐 부분도금","메달, 케이스, 보증서","소재:순은(Ag999)크기:직경 40mm무게:31.1g상태:Proof, 블랙로듐 부분도금구성:메달,케이스,보증서품질보증:한국조폐공사상품문의:1577-4321"
111,연등회 기념 은메달,0,220000,Ag999,31.1g / 40mm,"메달, 케이스, 보증서","소재:Ag999크기:40mm무게:31.1g구성:메달, 케이스, 보증서품질보증:한국조폐공사상품문의:1577-4321"
112,박항서 감독 기념 동메달,10.1,38500,트라이메탈,10.1g,"메달, 케이사,보증서 ","소재:동크기:28.2mm무게:10.1g구성:메달, 캡슐, 내외부케이스품질보증:한국조폐공사상품문의:1577-4321"
113,디윰아트 2022 임인년 호랑이 해 고심도 메달,0,187000,"동(Cu90, Zn10)",390g정도 / 80mm,"메달, 케이스, 보증서","소재:단동(Cu 90, Zn 10)크기:80mm무게:390g 정도구성:기념메달, 케이스, 보증서품질보증:한국조폐공사상품문의:1577-4321"
114,박항서 감독 기념 은메달 ,0,165000,Ag999,31.1g,"메달, 케이사,보증서 ","소재:순은(Ag999)크기:40mm무게:31.1g구성:메달, 캡슐, 내외부케이스품질보증:한국조폐공사상품문의:1577-4321"
115,축하기념메달 [골프 - 싱글] 황동 크리스탈 케이스,200,150000,"황동(Cu  65,  Zn  35)+크리스탈케이스",80mm,"메달, 크리스탈케이스","소재:황동(Cu 65, Zn 35)+크리스탈케이스크기:80mm무게:200g구성:메달, 크리스탈케이스 (축하문안포함), 제품보증품질보증:한국조폐공사각인문구:koreamint@komsco.com 으로 크리스탈 케이스에 각인할 문구를 보내주시기 바랍니다. (주문번호, 연락처 기재)"
116,축하기념메달 [골프 - 이글] 황동 크리스탈 케이스,200,150000,"황동(Cu  65,  Zn  35)+크리스탈케이스",80mm,"메달, 크리스탈케이스","소재:황동(Cu 65, Zn 35)+크리스탈케이스크기:80mm무게:200g구성:메달, 크리스탈케이스 (축하문안포함), 제품보증품질보증:한국조폐공사상품문의:02-710-5228각인 문구:koreamint@komsco.com  으로 크리스탈 케이스에 각인하실 문구를 보내주시기 바랍니다. (주문번호, 연락처 기재)"
117,축하기념메달 [골프 - 홀인원] 황동 크리스탈 케이스,200,150000,"황동(Cu  65,  Zn  35)+크리스탈케이스",80mm,"메달, 크리스탈케이스","소재:황동(Cu 65, Zn 35)+크리스탈케이스크기:80mm무게:200g구성:메달, 크리스탈케이스 (축하문안포함), 제품보증품질보증:한국조폐공사상품문의:02-710-5228각인문구:koreamint@komsco.com 으로 크리스탈 케이스에 각인하실 문구를 보내주시기 바랍니다. (주문번호, 연락처 기재)"
118,양면 고심도 토끼 은메달,0,187000,순은(Ag999),"37.5g, 40mm","메달, 보증서, 케이스","소재:순은(Ag999)크기:40mm무게:37.5g구성:메달, 보증서, 케이스품질보증:한국조폐공사상품문의:1577-4321"
119,도깨비 카드형 실버(10g),10,49000,Ag 999.9,실버바 16X27mm 카드 54X86mm,"메달, 케이스, 보증서","소재 :순은 Ag 999.9크기:10g(16mm × 27mm)무게:10g구성:메달, 케이스보증서:제품 뒷면 보증서 품질보증:한국조폐공사상품문의:1577-4321"
120,경주 천마총 발굴 50주년 지폐형 은메달,0,110000,Ag 999,10g /154x68mm / UNC,"메달, 케이스, 보증서","소재:은(Ag999)크기:154x68mm무게:10g구성:메달,케이스,보증서품질보증:한국조폐공사상품문의:1577-4321"
121,로열시리즈 4차-일월오봉도 기념 은메달,10,110000,Ag 999,154X68mm,"메달, 케이스, 보증서","소재:Ag 999크기:154X68mm무게:10g구성:메달, 케이스, 보증서품질보증:한국조폐공사상품문의:1577-4321"
122,초콜릿 실버바_핑크베리,0,297000,Ag9999,100g / 80x60mm,"메달, 케이스, 보증서","소재:순은 Ag999.9크기:80x60mm무게:100g구성:메달, 케이스, 보증서품질보증:한국조폐공사상품문의:1577-4321"
123,초콜릿 실버바_밀크,100,264000,Ag 999.9,80X60mm,"초콜릿 실버바, 보증서, 케이스","소재:Ag 999.9크기:80X60mm무게:100g구성:초콜릿 실버바, 보증서, 케이스보증서:품질을 보증하는 보증서 제공품질보증:한국조폐공사상품문의:1577-4321"
124,초콜릿 실버바_화이트,100,231000,Ag 999.9,,"초콜릿 실버바, 보증서, 케이스","소재:순은 Ag 999.9크기:80X60mm무게:100g구성:초콜릿 실버바, 보증서, 케이스보증서:품질을 보증하는 보증서 제공품질보증:한국조폐공사상품문의:1577-4321"
125,가화만사성 실버바(93.3g),93.3,220000,Ag 999.9,93.3g,"실버바(착조), 외부 케이스, 보증서 ","소재:순은 Ag999.9크기:47mm × 70mm무게:93.3g구성:실버바(착조), 외부 케이스, 보증서보증서:품질을 보증하는 보증서 제공품질보증:한국조폐공사상품문의:1577-4321"
